Date,LongReturn_Net,LSReturn_Net,BenchmarkReturn_EW,Regime_RiskOn,Regime_SGGrowth,LongTurnover,LongTickers,STI_Ret,rf_m
2006-02-28,0.0520771096030193,0.0289626104666544,0.0302321481218428,1.0,1,1.0,WIL SP Equity|MLT SP Equity|SCI SP Equity|SGX SP Equity|CICT SP Equity|GENS SP Equity,0.0289626163847604,0.0023
2006-03-31,0.0294980188405808,0.0001934195168619,0.0212943955639128,1.0,0,0.1666666666666666,WIL SP Equity|MLT SP Equity|SCI SP Equity|CICT SP Equity|STM SP Equity|SGX SP Equity,0.0202364993462753,0.002375
2006-04-30,0.1289125463489474,0.1057827985300899,0.0656328745223586,1.0,1,0.3333333333333333,WIL SP Equity|SCI SP Equity|SGX SP Equity|MLT SP Equity|GENS SP Equity|KEP SP Equity,0.0334654051576954,0.0024166666666666664
2006-05-31,-0.0983703782733652,-0.0456347843939534,-0.0803813793473573,0.0,1,0.3333333333333333,WIL SP Equity|SCI SP Equity|CICT SP Equity|SGX SP Equity|GENS SP Equity|HKL SP Equity,-0.0825239861086584,0.002333333333333333
2006-06-30,0.040871232448961,0.0563299101406879,0.0059984723823936,0.0,1,0.3333333333333333,WIL SP Equity|SCI SP Equity|CICT SP Equity|SGX SP Equity|SIA SP Equity|KEP SP Equity,0.0257992771754238,0.0023
2006-07-31,-0.020747750786139,-0.0393096989903769,0.0051931770052389,0.0,1,0.3333333333333333,WIL SP Equity|SCI SP Equity|CICT SP Equity|THBEV SP Equity|SGX SP Equity|HKL SP Equity,0.0014217989718017,0.0024333333333333334
2006-08-31,0.0772508324727593,0.0601239302652692,0.0383453106083597,1.0,1,0.3333333333333333,WIL SP Equity|FCT SP Equity|SCI SP Equity|MLT SP Equity|SGX SP Equity|CICT SP Equity,0.0211218346393091,0.0026666666666666666
2006-09-30,0.0025991803542106,-0.0363079628115129,0.0270133838058575,1.0,1,0.1666666666666666,WIL SP Equity|SCI SP Equity|SGX SP Equity|MLT SP Equity|CICT SP Equity|KEP SP Equity,0.0287582925248011,0.002683333333333333
2006-10-31,0.0887383242968853,0.0403875545363231,0.0597072926750023,1.0,1,0.1666666666666666,WIL SP Equity|SCI SP Equity|FCT SP Equity|SGX SP Equity|KEP SP Equity|MLT SP Equity,0.0488735810767961,0.0027916666666666667
2006-11-30,0.1135724169902391,0.1091303517076619,0.0597551212152635,1.0,1,0.3333333333333333,WIL SP Equity|SCI SP Equity|FCT SP Equity|SGX SP Equity|HKL SP Equity|SIA SP Equity,0.046494227898804,0.0024916666666666668
2006-12-31,0.1338016384924096,0.0848108026956884,0.1220813253175879,1.0,1,0.1666666666666666,WIL SP Equity|SCI SP Equity|HKL SP Equity|SGX SP Equity|MLT SP Equity|SIA SP Equity,0.0538891235976155,0.0025833333333333333
2007-01-31,0.1144749671967284,0.0123411492498846,0.0645827787269103,1.0,1,0.3333333333333333,WIL SP Equity|SCI SP Equity|SGX SP Equity|FCT SP Equity|UOL SP Equity|HKL SP Equity,0.0430304629226725,0.0026000000000000003
2007-02-28,0.0285176490781315,0.0458049297651234,-0.0073669052696391,1.0,1,0.1666666666666666,WIL SP Equity|SCI SP Equity|FCT SP Equity|SGX SP Equity|MLT SP Equity|UOL SP Equity,-0.0032192154312105,0.002441666666666667
2007-03-31,0.0795045378783229,0.0451572296765836,0.0339503212985902,1.0,1,0.3333333333333333,SCI SP Equity|SGX SP Equity|GENS SP Equity|UOL SP Equity|WIL SP Equity|HKL SP Equity,0.0416916577138299,0.0021833333333333336
2007-04-30,0.0533397311320056,-0.0357189836563169,0.0663548742550193,1.0,0,0.3333333333333333,WIL SP Equity|UOL SP Equity|SGX SP Equity|SCI SP Equity|MLT SP Equity|THBEV SP Equity,0.03948521479438,0.0018333333333333335
2007-05-31,0.0807167693414279,0.0258578328786829,0.0657362971814515,1.0,0,0.1666666666666666,WIL SP Equity|FCT SP Equity|SCI SP Equity|UOL SP Equity|SGX SP Equity|THBEV SP Equity,0.0473439773080037,0.0015833333333333333
2007-06-30,0.0611564655392865,0.015408752264061,0.0290607563812369,1.0,1,0.3333333333333333,SCI SP Equity|FCT SP Equity|WIL SP Equity|YZJSGD SP Equity|GENS SP Equity|SGX SP Equity,0.0100514340510853,0.00185
2007-07-31,-0.0399098998135558,-0.0059011009164861,-0.0070840874598631,0.0,1,0.3333333333333333,SCI SP Equity|FCT SP Equity|CICT SP Equity|YZJSGD SP Equity|SGX SP Equity|UOL SP Equity,0.0014758809973849,0.001983333333333333
2007-08-31,-0.061536754261665,-0.0485906573718652,-0.0410761516145045,0.0,1,0.1666666666666666,SGX SP Equity|SCI SP Equity|CICT SP Equity|UOL SP Equity|YZJSGD SP Equity|MLT SP Equity,-0.0438348530028555,0.0019416666666666668
2007-09-30,0.1553093815497321,0.0741096000025668,0.0989932295287973,1.0,1,0.0,SGX SP Equity|SCI SP Equity|UOL SP Equity|CICT SP Equity|YZJSGD SP Equity|MLT SP Equity,0.0952340893454271,0.0017083333333333332
2007-10-31,0.0543997361809216,0.0621578802225126,0.0174923193278239,1.0,1,0.1666666666666666,SGX SP Equity|SCI SP Equity|UOL SP Equity|YZJSGD SP Equity|MLT SP Equity|SIA SP Equity,0.0324133636545684,0.0018999999999999998
2007-11-30,-0.1218903950767019,-0.0717859479727996,-0.0715406405940802,0.0,1,0.1666666666666666,SGX SP Equity|SCI SP Equity|CICT SP Equity|MLT SP Equity|UOL SP Equity|YZJSGD SP Equity,-0.070988449796337,0.00185
2007-12-31,0.0167091313710189,0.028412780144557,0.014871119314587,0.0,1,0.0,SGX SP Equity|YZJSGD SP Equity|SCI SP Equity|CICT SP Equity|MLT SP Equity|UOL SP Equity,-0.0088004804942226,0.0016666666666666668
2008-01-31,-0.1617958889441819,-0.0401249581209516,-0.1500144260114854,0.0,1,0.3333333333333333,SGX SP Equity|MLT SP Equity|JM SP Equity|HKL SP Equity|SCI SP Equity|UOL SP Equity,-0.139622521734865,0.0012
2008-02-29,-0.0108508885905875,-0.0603644898920433,0.0304882115554088,0.0,1,0.1666666666666666,SGX SP Equity|MLT SP Equity|SCI SP Equity|HKL SP Equity|UOL SP Equity|KEP SP Equity,0.0149911964450406,0.0011
2008-03-31,-0.0311435796415934,-0.0153163537133437,-0.0101212094895337,0.0,0,0.1666666666666666,SGX SP Equity|HKL SP Equity|MLT SP Equity|KEP SP Equity|SCI SP Equity|JM SP Equity,-0.0063077202663185,0.0006916666666666667
2008-04-30,0.108624968618349,0.040713989148896,0.0595573250459739,0.0,0,0.5,SGX SP Equity|HKL SP Equity|YZJSGD SP Equity|CLAR SP Equity|SCI SP Equity|WIL SP Equity,0.0466954405192594,0.0007916666666666666
2008-05-31,-0.0192416786719754,-0.0126486270497996,0.0259934943040098,1.0,0,0.3333333333333333,JM SP Equity|CLAR SP Equity|SGX SP Equity|YZJSGD SP Equity|MLT SP Equity|HKL SP Equity,0.014241737854177,0.0007583333333333334
2008-06-30,-0.1119786019566768,-0.0152953984008202,-0.0894834892337639,0.0,1,0.1666666666666666,CLAR SP Equity|SGX SP Equity|MLT SP Equity|HKL SP Equity|JM SP Equity|UOL SP Equity,-0.0767645382162612,0.00042500000000000003
2008-07-31,-0.0244261855747295,-0.062550158091914,-0.0032132370559255,0.0,1,0.1666666666666666,CLAR SP Equity|JM SP Equity|HKL SP Equity|MLT SP Equity|SGX SP Equity|KEP SP Equity,-0.0060694680988213,0.00035833333333333333
2008-08-31,-0.0386472014476824,0.0299765852692423,-0.056772945364699,0.0,1,0.1666666666666666,HKL SP Equity|CLAR SP Equity|MLT SP Equity|JM SP Equity|KEP SP Equity|THBEV SP Equity,-0.064751762155889,0.000725
2008-09-30,-0.1244520893320741,-0.0449570819299775,-0.1305141160489984,0.0,0,0.3333333333333333,CLAR SP Equity|HKL SP Equity|JM SP Equity|MLT SP Equity|UOL SP Equity|SCI SP Equity,-0.1390682311721016,0.0013750000000000001
2008-10-31,-0.2102542213623352,0.0447945305728314,-0.2212077269582096,0.0,0,0.1666666666666666,CLAR SP Equity|HKL SP Equity|JM SP Equity|KEP SP Equity|SCI SP Equity|UOL SP Equity,-0.2393944660881508,0.000725
2008-11-30,-0.0733010746714762,-0.0436029475360518,-0.0326752419288249,0.0,0,0.5,CLAR SP Equity|MLT SP Equity|HKL SP Equity|THBEV SP Equity|SIA SP Equity|KEP SP Equity,-0.0343495708393714,0.00047499999999999994
2008-12-31,-0.0081389121175033,-0.0525390892786735,0.031750085649297,0.0,0,0.1666666666666666,CLAR SP Equity|THBEV SP Equity|MLT SP Equity|HKL SP Equity|CICT SP Equity|SIA SP Equity,0.0167323686777445,0.00047499999999999994
2009-01-31,0.0401858425274229,0.1001625989807964,-0.0054873135239684,0.0,0,0.1666666666666666,CLAR SP Equity|THBEV SP Equity|MLT SP Equity|HKL SP Equity|CICT SP Equity|FCT SP Equity,-0.0085662708054223,0.00028333333333333335
2009-02-28,-0.0576500519158175,-0.0199686869983235,-0.0626034093717707,0.0,0,0.1666666666666666,CLAR SP Equity|THBEV SP Equity|HKL SP Equity|MLT SP Equity|SIA SP Equity|CICT SP Equity,-0.0868036668250815,0.00028333333333333335
2009-03-31,-0.0122212117410191,-0.0952381813606265,0.0656808278846077,0.0,0,0.1666666666666666,CLAR SP Equity|THBEV SP Equity|MLT SP Equity|YZJSGD SP Equity|SIA SP Equity|CICT SP Equity,0.0659113281960286,0.00028333333333333335
2009-04-30,0.1507135617165363,-0.0736570271628761,0.1646718545001737,0.0,0,0.3333333333333333,THBEV SP Equity|MLT SP Equity|YZJSGD SP Equity|SIA SP Equity|DFI SP Equity|HKL SP Equity,0.1295831151947952,0.00016666666666666666
2009-05-31,0.3025444470741779,0.1012996434364283,0.2400345820659535,0.0,1,0.3333333333333333,YZJSGD SP Equity|HKL SP Equity|MLT SP Equity|THBEV SP Equity|SGX SP Equity|SCI SP Equity,0.2128856208469598,0.000175
2009-06-30,0.0227070785411046,0.02526498955179,0.0177342559440863,0.0,1,0.3333333333333333,YZJSGD SP Equity|KEP SP Equity|SCI SP Equity|MLT SP Equity|DFI SP Equity|THBEV SP Equity,0.0017431775636731,0.00019999999999999998
2009-07-31,0.1604821651908517,0.0778854014937073,0.1360266126699262,0.0,1,0.5,YZJSGD SP Equity|MLT SP Equity|KEP SP Equity|UOL SP Equity|FCT SP Equity|SGX SP Equity,0.1397515794165802,0.00019999999999999998
2009-08-31,0.0575559786142127,0.0599636598031743,0.0171127742413811,0.0,1,0.3333333333333333,YZJSGD SP Equity|MLT SP Equity|UOL SP Equity|HKL SP Equity|KEP SP Equity|THBEV SP Equity,-0.0249323104693139,0.00028333333333333335
2009-09-30,0.0699483866777885,-0.0344082087211066,0.0518816518440939,0.0,1,0.1666666666666666,YZJSGD SP Equity|MLT SP Equity|KEP SP Equity|UOL SP Equity|HKL SP Equity|FCT SP Equity,0.0307262138917814,0.00028333333333333335
2009-10-31,0.0354578843878335,0.0822853362013327,0.0015930823128966,0.0,1,0.1666666666666666,YZJSGD SP Equity|UOL SP Equity|MLT SP Equity|KEP SP Equity|SATS SP Equity|HKL SP Equity,-0.0080222407645076,0.00035
2009-11-30,0.052055062051263,0.0378435549202348,0.0300666714214938,0.0,1,0.1666666666666666,YZJSGD SP Equity|MLT SP Equity|KEP SP Equity|WIL SP Equity|UOL SP Equity|HKL SP Equity,0.0305492374949549,0.00039166666666666663
2009-12-31,0.0433041228671038,-0.0223964888940893,0.0689553289591105,0.0,1,0.3333333333333333,YZJSGD SP Equity|MLT SP Equity|KEP SP Equity|STM SP Equity|HKL SP Equity|FCT SP Equity,0.0605756701755413,0.0004583333333333334
2010-01-31,-0.0507375840451412,-0.0059518511398919,-0.0512385513026067,0.0,1,0.1666666666666666,YZJSGD SP Equity|HKL SP Equity|KEP SP Equity|MLT SP Equity|SCI SP Equity|STM SP Equity,-0.0525500238126462,0.00037500000000000006
2010-02-28,0.0361950788127757,0.0232187950560716,0.007483348697898,1.0,1,0.1666666666666666,YZJSGD SP Equity|KEP SP Equity|HKL SP Equity|MLT SP Equity|FCT SP Equity|STM SP Equity,0.0020070300690258,0.00032500000000000004
2010-03-31,0.0708050397644215,0.002679037313674,0.0500332992806569,1.0,1,0.0,YZJSGD SP Equity|HKL SP Equity|KEP SP Equity|MLT SP Equity|STM SP Equity|FCT SP Equity,0.0496571981125901,0.00028333333333333335
2010-04-30,0.0655434436613396,0.0128706892279844,0.0526503136527693,0.0,1,0.1666666666666666,YZJSGD SP Equity|STM SP Equity|HKL SP Equity|KEP SP Equity|FCT SP Equity|UOL SP Equity,0.0301822362907191,0.000275
2010-05-31,-0.0778057159173915,-0.0499597566510228,-0.0575681788916523,0.0,1,0.3333333333333333,YZJSGD SP Equity|STM SP Equity|HKL SP Equity|MLT SP Equity|KEP SP Equity|SCI SP Equity,-0.0746349941673026,0.00024166666666666664
2010-06-30,0.0228549680090768,-0.0323643266260932,0.0295555915686099,0.0,1,0.0,YZJSGD SP Equity|HKL SP Equity|MLT SP Equity|STM SP Equity|KEP SP Equity|SCI SP Equity,0.0301206132383928,0.000275
2010-07-31,0.053633813657915,-0.0176727528700295,0.062527483519611,0.0,1,0.3333333333333333,YZJSGD SP Equity|STM SP Equity|MLT SP Equity|SCI SP Equity|SATS SP Equity|THBEV SP Equity,0.053672884243046,0.00023333333333333336
2010-08-31,0.0020933278566446,-0.0386406765735356,0.0043900272000653,0.0,0,0.3333333333333333,YZJSGD SP Equity|STM SP Equity|MLT SP Equity|SCI SP Equity|HKL SP Equity|KEP SP Equity,-0.0125079492586269,0.00023333333333333336
2010-09-30,0.0637416027295736,0.0070236756504915,0.0640066535392232,0.0,0,0.0,YZJSGD SP Equity|MLT SP Equity|SCI SP Equity|HKL SP Equity|STM SP Equity|KEP SP Equity,0.0499266183782831,0.00025
2010-10-31,0.0773153483346026,0.0876944325379437,0.0236596225307692,0.0,1,0.1666666666666666,YZJSGD SP Equity|SCI SP Equity|STM SP Equity|MLT SP Equity|KEP SP Equity|FCT SP Equity,0.0145240070634646,0.00024166666666666664
2010-11-30,0.0038944783781553,0.0002758100370436,0.0039349714739314,0.0,1,0.5,MINT SP Equity|YZJSGD SP Equity|SCI SP Equity|UOL SP Equity|HKL SP Equity|MLT SP Equity,0.0006618681227765,0.00029166666666666664
2010-12-31,0.0621848948697524,0.0515683271194768,0.0272038280211026,1.0,1,0.1666666666666666,YZJSGD SP Equity|MINT SP Equity|STM SP Equity|SCI SP Equity|HKL SP Equity|UOL SP Equity,0.0144179094985212,0.00032500000000000004
2011-01-31,0.0066373279237849,0.0098197360989948,-0.0049113666094544,1.0,1,0.3333333333333333,YZJSGD SP Equity|MINT SP Equity|KEP SP Equity|HKL SP Equity|SCI SP Equity|JM SP Equity,-0.0032350691527379,0.00028333333333333335
2011-02-28,-0.0376486518670751,0.0185335488913466,-0.0439531573008067,1.0,1,0.1666666666666666,YZJSGD SP Equity|MINT SP Equity|STM SP Equity|HKL SP Equity|KEP SP Equity|SCI SP Equity,-0.0532153774546184,0.00028333333333333335
2011-03-31,0.0578528902715806,0.0195167334253295,0.0329804555482429,1.0,1,0.0,YZJSGD SP Equity|STM SP Equity|MINT SP Equity|SCI SP Equity|HKL SP Equity|KEP SP Equity,0.0316690527518592,0.00020833333333333335
2011-04-30,0.04747344628877,0.0292479714994314,0.0271911152783278,1.0,1,0.1666666666666666,YZJSGD SP Equity|MINT SP Equity|HKL SP Equity|STM SP Equity|KEP SP Equity|JM SP Equity,0.0238292254938261,0.00022500000000000002
2011-05-31,-0.0253216317123929,-0.0373566573471447,-0.0016208822637091,1.0,1,0.1666666666666666,YZJSGD SP Equity|MINT SP Equity|STM SP Equity|KEP SP Equity|SCI SP Equity|HKL SP Equity,-0.0062675715283063,0.000275
2011-06-30,-0.0328373857662482,-0.0242342249500293,-0.015504737827059,0.0,1,0.1666666666666666,YZJSGD SP Equity|MPACT SP Equity|KEP SP Equity|MINT SP Equity|SCI SP Equity|HKL SP Equity,-0.0124971122778035,0.0002666666666666667
2011-07-31,0.0100925534226162,-0.0149982484967285,0.0172420940153511,0.0,0,0.1666666666666666,HKL SP Equity|MPACT SP Equity|YZJSGD SP Equity|KEP SP Equity|STM SP Equity|MINT SP Equity,0.0220545820461217,0.00019166666666666667
2011-08-31,-0.1018405377166155,-0.0043546020368774,-0.0794384068874728,0.0,0,0.1666666666666666,MINT SP Equity|HKL SP Equity|KEP SP Equity|STM SP Equity|JM SP Equity|MPACT SP Equity,-0.0953199174730188,0.00014166666666666668
2011-09-30,-0.1669360292358459,-0.1463468916379862,-0.0768976576661335,0.0,0,0.3333333333333333,MINT SP Equity|KEP SP Equity|STM SP Equity|UOL SP Equity|HKL SP Equity|YZJSGD SP Equity,-0.0728183941828467,0.00018333333333333334
2011-10-31,0.1524833369517664,0.0765056590970732,0.0748687219486708,0.0,0,0.1666666666666666,MINT SP Equity|KEP SP Equity|HKL SP Equity|UOL SP Equity|MPACT SP Equity|STM SP Equity,0.0675137188056043,0.00024166666666666664
2011-11-30,-0.0216476532509464,0.0584396585336072,-0.0571098607317522,0.0,0,0.5,MPACT SP Equity|FCT SP Equity|KEP SP Equity|CLAR SP Equity|UOL SP Equity|MLT SP Equity,-0.0536842953038935,0.0002666666666666667
2011-12-31,-0.027117807844565,-0.0183938143584282,-0.0119535013764456,0.0,0,0.1666666666666666,KEP SP Equity|MINT SP Equity|MPACT SP Equity|CLAR SP Equity|UOL SP Equity|FCT SP Equity,-0.0207625644782901,0.00030833333333333337
2012-01-31,0.0712302712028775,-0.0230719206249206,0.104903563211784,1.0,0,0.0,FCT SP Equity|CLAR SP Equity|KEP SP Equity|MPACT SP Equity|MINT SP Equity|UOL SP Equity,0.098377009843747,0.000275
2012-02-29,0.0629651193326227,0.0161381508309156,0.057556968310798,1.0,1,0.1666666666666666,MPACT SP Equity|MINT SP Equity|FCT SP Equity|KEP SP Equity|CLAR SP Equity|SCI SP Equity,0.0300582449452813,0.00028333333333333335
2012-03-31,0.0025844835077858,-0.0124569751095683,0.0059382924573677,1.0,1,0.3333333333333333,MPACT SP Equity|KEP SP Equity|MINT SP Equity|THBEV SP Equity|FCT SP Equity|JM SP Equity,0.0054775121407053,0.00025
2012-04-30,0.0091538564297897,0.024058110916918,0.0073493041711968,1.0,0,0.3333333333333333,KEP SP Equity|MPACT SP Equity|SCI SP Equity|MINT SP Equity|YZJSGD SP Equity|FCT SP Equity,-0.0105930655115829,0.00020833333333333335
2012-05-31,-0.0260973558916325,0.064581819759468,-0.0399742769614209,0.0,1,0.1666666666666666,KEP SP Equity|MPACT SP Equity|SCI SP Equity|THBEV SP Equity|MINT SP Equity|YZJSGD SP Equity,-0.0691707765807082,0.00023333333333333336
2012-06-30,0.0255018435922601,0.0035917400142283,0.0327653116727087,0.0,1,0.1666666666666666,THBEV SP Equity|MPACT SP Equity|FCT SP Equity|KEP SP Equity|MINT SP Equity|YZJSGD SP Equity,0.0381996292208588,0.00023333333333333336
2012-07-31,0.0434761126149149,0.0475985449642171,0.0383715165228883,0.0,0,0.1666666666666666,THBEV SP Equity|FCT SP Equity|KEP SP Equity|YZJSGD SP Equity|SCI SP Equity|MINT SP Equity,0.0548732824957878,0.00018333333333333334
2012-08-31,0.0242885476950579,0.0082587229089278,0.0202873515601406,1.0,0,0.0,THBEV SP Equity|KEP SP Equity|YZJSGD SP Equity|SCI SP Equity|MINT SP Equity|FCT SP Equity,-0.0036029508628638,0.00020833333333333335
2012-09-30,0.0592756709163402,0.0299928197421321,0.0270311144906375,1.0,0,0.1666666666666666,FCT SP Equity|KEP SP Equity|THBEV SP Equity|YZJSGD SP Equity|MPACT SP Equity|MINT SP Equity,0.0115288253687042,0.00024166666666666664
2012-10-31,0.0253498031124312,0.0298478587707391,-0.0046143911813813,1.0,0,0.3333333333333333,THBEV SP Equity|KEP SP Equity|FCT SP Equity|SCI SP Equity|HKL SP Equity|MPACT SP Equity,-0.0071789409019913,0.00019999999999999998
2012-11-30,-0.0135922011005643,-0.0066021319895201,0.0054654557361221,1.0,0,0.3333333333333333,THBEV SP Equity|KEP SP Equity|SCI SP Equity|HKL SP Equity|YZJSGD SP Equity|MINT SP Equity,0.0103937308491066,0.00020833333333333335
2012-12-31,0.0218538872049105,-0.0267929331378272,0.0279755013696043,0.0,0,0.1666666666666666,THBEV SP Equity|HKL SP Equity|KEP SP Equity|YZJSGD SP Equity|FCT SP Equity|SCI SP Equity,0.0316389517744588,0.00021666666666666666
2013-01-31,0.1023797517513417,0.0426594770397242,0.0560156653970685,1.0,1,0.3333333333333333,THBEV SP Equity|HKL SP Equity|MPACT SP Equity|FCT SP Equity|UOL SP Equity|YZJSGD SP Equity,0.0364941839170465,0.00020833333333333335
2013-02-28,0.0241301103091161,0.0305985297717147,0.00716189715214,1.0,0,0.0,THBEV SP Equity|HKL SP Equity|UOL SP Equity|MPACT SP Equity|FCT SP Equity|YZJSGD SP Equity,-0.0038718600159626,0.00020833333333333335
2013-03-31,0.0307830453012591,0.0569147046265346,0.011422471755026,1.0,1,0.0,THBEV SP Equity|HKL SP Equity|MPACT SP Equity|UOL SP Equity|FCT SP Equity|YZJSGD SP Equity,0.0116668450587928,0.00020833333333333335
2013-04-30,0.0550029496302792,0.0533828280899381,0.0310141846937606,1.0,1,0.1666666666666666,THBEV SP Equity|HKL SP Equity|MPACT SP Equity|UOL SP Equity|MINT SP Equity|FCT SP Equity,0.018161482421934,0.00019999999999999998
2013-05-31,-0.0534024852608448,-0.0414478804433899,-0.0327977388039372,1.0,1,0.0,THBEV SP Equity|HKL SP Equity|FCT SP Equity|UOL SP Equity|MPACT SP Equity|MINT SP Equity,-0.0168666757714849,0.00020833333333333335
2013-06-30,-0.0585188549658813,-0.0164382912594579,-0.0428141022340753,1.0,1,0.0,THBEV SP Equity|MPACT SP Equity|UOL SP Equity|MINT SP Equity|HKL SP Equity|FCT SP Equity,-0.0485992202623083,0.00022500000000000002
2013-07-31,0.0068876163415201,-0.001457765252378,0.0222053160573629,1.0,1,0.0,THBEV SP Equity|UOL SP Equity|HKL SP Equity|MPACT SP Equity|MINT SP Equity|FCT SP Equity,0.022692068409492,0.00021666666666666666
2013-08-31,-0.0674442281283514,-0.0081031830496669,-0.0487793987596491,1.0,1,0.0,THBEV SP Equity|HKL SP Equity|UOL SP Equity|MPACT SP Equity|MINT SP Equity|FCT SP Equity,-0.0598988804846783,0.00019999999999999998
2013-09-30,0.0718762862730942,0.0211305561730725,0.0507523422434297,1.0,1,0.1666666666666666,THBEV SP Equity|UOL SP Equity|YZJSGD SP Equity|HKL SP Equity|MPACT SP Equity|MINT SP Equity,0.0458675312155407,0.00019999999999999998
2013-10-31,0.0184831428264982,-0.0105406113244691,0.0291304740973839,1.0,1,0.3333333333333333,UOL SP Equity|THBEV SP Equity|YZJSGD SP Equity|HKL SP Equity|FCT SP Equity|SGX SP Equity,0.0135106554246229,4.2499999999999996e-05
2013-11-30,-0.0486918531994533,-0.0162468035328388,-0.0267413185480993,1.0,1,0.1666666666666666,YZJSGD SP Equity|HKL SP Equity|THBEV SP Equity|FCT SP Equity|UOL SP Equity|MPACT SP Equity,-0.0106893576730091,4.7499999999999996e-05
2013-12-31,0.0144846835107765,0.0261118368204951,-0.0014866587846893,1.0,0,0.3333333333333333,YZJSGD SP Equity|UOL SP Equity|THBEV SP Equity|SGX SP Equity|MPACT SP Equity|KEP SP Equity,-0.0028082547578195,5.349999999999999e-05
2014-01-31,-0.0298078777293246,0.0163205679308363,-0.0381378456587424,1.0,1,0.3333333333333333,YZJSGD SP Equity|KEP SP Equity|MINT SP Equity|SCI SP Equity|THBEV SP Equity|SGX SP Equity,-0.0442661716281023,4.366666666666667e-05
2014-02-28,0.016790451387125,-0.0164738812685513,0.0242156288633849,1.0,1,0.1666666666666666,YZJSGD SP Equity|THBEV SP Equity|KEP SP Equity|MINT SP Equity|SCI SP Equity|FCT SP Equity,0.0276028831733405,4e-05
2014-03-31,0.0194651104305958,-0.027077628255259,0.0211104736632154,1.0,1,0.0,YZJSGD SP Equity|MINT SP Equity|KEP SP Equity|THBEV SP Equity|SCI SP Equity|FCT SP Equity,0.0250226631262897,4.791666666666667e-05
2014-04-30,0.0286186366110952,0.0065502265100106,0.0314335267556202,1.0,1,0.1666666666666666,YZJSGD SP Equity|MINT SP Equity|SCI SP Equity|THBEV SP Equity|MPACT SP Equity|FCT SP Equity,0.0238629877501865,5.4333333333333324e-05
2014-05-31,0.0183672485683244,0.0124236579730442,0.016825256308848,1.0,1,0.1666666666666666,YZJSGD SP Equity|SCI SP Equity|KEP SP Equity|MINT SP Equity|THBEV SP Equity|FCT SP Equity,0.0095383663480064,6.541666666666667e-05
2014-06-30,0.0004644928964953,0.0085845827391875,-0.0059054708865641,1.0,1,0.1666666666666666,YZJSGD SP Equity|SCI SP Equity|HKL SP Equity|KEP SP Equity|MINT SP Equity|THBEV SP Equity,-0.0121910887934826,5.9833333333333335e-05
2014-07-31,0.0196656110310434,0.0140197133461553,0.0221111333569446,1.0,1,0.3333333333333333,YZJSGD SP Equity|SCI SP Equity|MINT SP Equity|HKL SP Equity|FCT SP Equity|MPACT SP Equity,0.036364250676512,5.916666666666666e-05
2014-08-31,0.0139281414848953,0.0415755627678517,0.0020506073244984,1.0,0,0.1666666666666666,YZJSGD SP Equity|MINT SP Equity|MPACT SP Equity|MLT SP Equity|HKL SP Equity|SCI SP Equity,-0.0139209142694557,6.083333333333333e-05
2014-09-30,-0.0157014027645794,0.0279439363788359,-0.0188661274834045,1.0,1,0.1666666666666666,YZJSGD SP Equity|MPACT SP Equity|MLT SP Equity|KEP SP Equity|MINT SP Equity|HKL SP Equity,-0.0151333447547257,6.758333333333334e-05
2014-10-31,0.0168177282553807,0.012597135262213,0.0036879447964598,1.0,1,0.1666666666666666,THBEV SP Equity|YZJSGD SP Equity|MPACT SP Equity|MINT SP Equity|HKL SP Equity|MLT SP Equity,-0.0007599016095264,7.233333333333333e-05
2014-11-30,-0.0087556238669507,-0.0183218693399016,0.0027163862365579,1.0,1,0.0,THBEV SP Equity|YZJSGD SP Equity|MPACT SP Equity|MINT SP Equity|HKL SP Equity|MLT SP Equity,0.023287775826525,8.158333333333334e-05
2014-12-31,6.3593542050507e-05,-0.0072022494424994,0.0115059701234099,1.0,0,0.0,THBEV SP Equity|HKL SP Equity|MPACT SP Equity|MINT SP Equity|YZJSGD SP Equity|MLT SP Equity,0.0043724817191463,9.858333333333334e-05
2015-01-31,0.0598999864085633,0.0564278194659044,0.0184388581073812,0.0,0,0.1666666666666666,KDCREIT SP Equity|YZJSGD SP Equity|HKL SP Equity|MINT SP Equity|THBEV SP Equity|MPACT SP Equity,0.0077411110946019,0.00011941666666666666
2015-02-28,0.0047564409507925,0.0243231565246709,0.0066744180531609,1.0,0,0.0,KDCREIT SP Equity|YZJSGD SP Equity|MINT SP Equity|HKL SP Equity|THBEV SP Equity|MPACT SP Equity,0.0034383109223874,0.00016508333333333335
2015-03-31,0.0302904201714553,0.0353763266207408,0.0129067777932105,1.0,0,0.0,KDCREIT SP Equity|YZJSGD SP Equity|HKL SP Equity|MINT SP Equity|THBEV SP Equity|MPACT SP Equity,0.0129743803741559,0.00019425
2015-04-30,0.0508629052506805,0.0098909687750852,0.0343923003528889,1.0,0,0.1666666666666666,KDCREIT SP Equity|HKL SP Equity|YZJSGD SP Equity|MINT SP Equity|UOL SP Equity|MPACT SP Equity,0.0117145003930942,0.00021825000000000002
2015-05-31,0.026105750923557,0.0582413847904683,-0.0155739504882942,1.0,1,0.1666666666666666,KDCREIT SP Equity|YZJSGD SP Equity|MINT SP Equity|MPACT SP Equity|HKL SP Equity|THBEV SP Equity,-0.0273212918543667,0.00019683333333333334
2015-06-30,-0.0368164764667758,0.0049171396904592,-0.0257258072285277,0.0,1,0.1666666666666666,YZJSGD SP Equity|KDCREIT SP Equity|MINT SP Equity|HKL SP Equity|SGX SP Equity|MPACT SP Equity,-0.0220452756543862,0.00019083333333333333
2015-07-31,-0.0133357537219851,0.0183888992018194,-0.022300817022327,1.0,0,0.1666666666666666,YZJSGD SP Equity|KDCREIT SP Equity|HKL SP Equity|MINT SP Equity|THBEV SP Equity|SGX SP Equity,-0.0346151875152607,0.00018733333333333332
2015-08-31,-0.0665668013251533,0.0193439948527403,-0.076637351214628,0.0,0,0.1666666666666666,YZJSGD SP Equity|HKL SP Equity|KDCREIT SP Equity|MINT SP Equity|THBEV SP Equity|FCT SP Equity,-0.0877626854020297,0.00019425
2015-09-30,-0.0168541600821979,0.027202799353281,-0.0226197977490207,0.0,0,0.1666666666666666,YZJSGD SP Equity|KDCREIT SP Equity|HKL SP Equity|MINT SP Equity|THBEV SP Equity|SGX SP Equity,-0.0446868667506435,0.00017833333333333332
2015-10-31,0.0591545138624266,-0.0121637587539019,0.0672991460901523,0.0,0,0.0,KDCREIT SP Equity|MINT SP Equity|HKL SP Equity|YZJSGD SP Equity|THBEV SP Equity|SGX SP Equity,0.0743347104328726,0.0002100833333333333
2015-11-30,-0.0381363323585361,0.0583003689857502,-0.0481242188771991,1.0,0,0.1666666666666666,KDCREIT SP Equity|MINT SP Equity|YZJSGD SP Equity|HKL SP Equity|SGX SP Equity|FCT SP Equity,-0.047496122867577,0.0002540833333333333
2015-12-31,-0.0060222368214452,0.0035019340713371,-0.0015175667161677,1.0,0,0.1666666666666666,KDCREIT SP Equity|YZJSGD SP Equity|HKL SP Equity|MINT SP Equity|SGX SP Equity|CLAR SP Equity,0.0093804491691,0.00029025
2016-01-31,-0.020747946526543,0.0139314349243404,-0.0506793767028073,0.0,0,0.5,KDCREIT SP Equity|MINT SP Equity|THBEV SP Equity|HKL SP Equity|VMS SP Equity|SATS SP Equity,-0.0879791031418134,0.00029383333333333334
2016-02-29,0.0054617782590004,-0.0167742836737047,0.030992283802096,0.0,0,0.3333333333333333,KDCREIT SP Equity|HKL SP Equity|MINT SP Equity|THBEV SP Equity|SGX SP Equity|YZJSGD SP Equity,0.0142253462198234,0.00025225000000000003
2016-03-31,0.0340687257638505,-0.040295645198224,0.0514593557494065,1.0,0,0.1666666666666666,KDCREIT SP Equity|MINT SP Equity|HKL SP Equity|THBEV SP Equity|SATS SP Equity|SGX SP Equity,0.0654000922554198,0.00025625
2016-04-30,0.0204062691977215,-0.0020768495543866,0.0201725444516422,1.0,0,0.3333333333333333,KDCREIT SP Equity|THBEV SP Equity|MINT SP Equity|CICT SP Equity|FCT SP Equity|SATS SP Equity,-0.0008377626808405,0.00025749999999999997
2016-05-31,0.0458644731598373,0.0771959831706561,-0.0119979199527685,1.0,0,0.1666666666666666,KDCREIT SP Equity|MINT SP Equity|SGX SP Equity|THBEV SP Equity|FCT SP Equity|SATS SP Equity,-0.016719980835083,0.00023633333333333332
2016-06-30,0.0229107246893039,0.0153072883754903,0.0141298225962858,1.0,0,0.1666666666666666,KDCREIT SP Equity|THBEV SP Equity|MINT SP Equity|SATS SP Equity|MPACT SP Equity|SGX SP Equity,0.0178677635020385,0.00018808333333333337
2016-07-31,0.0743335231375745,0.0883234319226447,0.0255682336495305,1.0,0,0.5,FLT SP Equity|THBEV SP Equity|VMS SP Equity|KDCREIT SP Equity|MINT SP Equity|FCT SP Equity,0.0097714480821422,0.00015858333333333333
2016-08-31,-0.0028085719854438,0.0331662320200033,-0.0024789462326661,1.0,0,0.1666666666666666,THBEV SP Equity|FLT SP Equity|MINT SP Equity|MPACT SP Equity|KDCREIT SP Equity|FCT SP Equity,-0.0167672352188629,0.00012275
2016-09-30,0.0006047293055936,-0.0287188940031348,0.0150877653984106,1.0,1,0.1666666666666666,THBEV SP Equity|FLT SP Equity|MINT SP Equity|MPACT SP Equity|KDCREIT SP Equity|VMS SP Equity,0.0173297076143641,0.00011091666666666666
2016-10-31,-0.00232179578132,0.0009899887290903,-0.0174052447454076,0.0,0,0.0,THBEV SP Equity|FLT SP Equity|KDCREIT SP Equity|MPACT SP Equity|MINT SP Equity|VMS SP Equity,-0.0193764005199565,6.725e-05
2016-11-30,-0.0460470609534531,-0.1375217823544533,0.0203154329405543,1.0,1,0.1666666666666666,THBEV SP Equity|HKL SP Equity|FLT SP Equity|KDCREIT SP Equity|MINT SP Equity|MPACT SP Equity,0.0324464172118825,7.116666666666667e-05
2016-12-31,-0.0078034062642711,-0.0112574431112641,-0.0070669866674177,1.0,1,0.1666666666666666,THBEV SP Equity|KDCREIT SP Equity|MINT SP Equity|FLT SP Equity|HKL SP Equity|VMS SP Equity,-0.0084022621739863,0.00012150000000000001
2017-01-31,0.0407734494104135,-0.0631956359939524,0.0614340105066079,1.0,1,0.1666666666666666,THBEV SP Equity|VMS SP Equity|MINT SP Equity|HKL SP Equity|FLT SP Equity|MPACT SP Equity,0.0576375678640359,0.00014066666666666668
2017-02-28,0.0402869144679431,-0.0040901360381804,0.0318185451448497,1.0,1,0.1666666666666666,THBEV SP Equity|VMS SP Equity|MINT SP Equity|MPACT SP Equity|FLT SP Equity|MLT SP Equity,0.0163482998555861,0.0002010833333333333
2017-03-31,0.0416293600078005,0.0006102544796194,0.0379548879668071,1.0,1,0.5,HKL SP Equity|DBS SP Equity|SCI SP Equity|MPACT SP Equity|THBEV SP Equity|VMS SP Equity,0.0253503024274932,0.00021700000000000004
2017-04-30,0.0121776043089343,0.0409196406312831,0.0086419484667467,1.0,1,0.5,KEP SP Equity|DBS SP Equity|VMS SP Equity|HKL SP Equity|FLT SP Equity|MLT SP Equity,0.0001039334070316,0.0002931666666666667
2017-05-31,0.050366379949099,0.0424584685880373,0.0189440252725657,1.0,1,0.3333333333333333,HKL SP Equity|YZJSGD SP Equity|VMS SP Equity|MINT SP Equity|DBS SP Equity|KEP SP Equity,0.0111417630312649,0.0003348333333333333
2017-06-30,-0.0144181805931742,-0.0078067452553,-0.0006602370839586,1.0,1,0.1666666666666666,FLT SP Equity|HKL SP Equity|YZJSGD SP Equity|VMS SP Equity|MINT SP Equity|KEP SP Equity,0.0048772587687879,0.00041125
2017-07-31,0.0712135895795082,0.0570090658547579,0.0343009894598105,1.0,1,0.3333333333333333,YZJSGD SP Equity|HKL SP Equity|VMS SP Equity|KEP SP Equity|MLT SP Equity|GENS SP Equity,0.0319357318191961,0.0004994166666666668
2017-08-31,0.0399333712944536,0.0461141623384774,0.0076604704275397,1.0,1,0.1666666666666666,YZJSGD SP Equity|HKL SP Equity|STE SP Equity|KEP SP Equity|MLT SP Equity|VMS SP Equity,-0.0156959561738628,0.0005693333333333334
2017-09-30,0.0039956465237842,0.0148215474233201,-0.0076493646191187,1.0,1,0.1666666666666666,YZJSGD SP Equity|HKL SP Equity|KEP SP Equity|VMS SP Equity|STE SP Equity|DBS SP Equity,-0.0174993744774599,0.0005870833333333333
2017-10-31,0.0821337944811817,0.0397427960374611,0.0600259099390529,1.0,1,0.1666666666666666,YZJSGD SP Equity|HKL SP Equity|VMS SP Equity|UOL SP Equity|KEP SP Equity|STE SP Equity,0.0478802202546033,0.0006155
2017-11-30,0.0136519338737352,0.0064557534310353,0.0078298994526356,1.0,1,0.1666666666666666,YZJSGD SP Equity|VMS SP Equity|HKL SP Equity|MLT SP Equity|UOL SP Equity|KEP SP Equity,0.0176225815629742,0.000607
2017-12-31,-0.0207781252185614,-0.0096399489031225,-0.0016289199114529,1.0,1,0.0,YZJSGD SP Equity|VMS SP Equity|HKL SP Equity|UOL SP Equity|KEP SP Equity|MLT SP Equity,-0.008917909795721,0.0007038333333333333
2018-01-31,0.0578982098677279,0.004445035462907,0.0620149045552458,1.0,1,0.3333333333333333,YZJSGD SP Equity|VMS SP Equity|HKL SP Equity|UOL SP Equity|FCT SP Equity|MINT SP Equity,0.0385169207621689,0.0005640833333333333
2018-02-28,-0.0207422402727436,0.0217358001855822,-0.0345025317851359,1.0,1,0.1666666666666666,YZJSGD SP Equity|VMS SP Equity|HKL SP Equity|UOL SP Equity|FCT SP Equity|MLT SP Equity,-0.004541608776482,0.0006425833333333333
2018-03-31,-0.0230976959834602,0.0026103166277803,-0.0117397302940137,0.0,1,0.0,YZJSGD SP Equity|VMS SP Equity|HKL SP Equity|MLT SP Equity|UOL SP Equity|FCT SP Equity,-0.025574626059569,0.0005654999999999999
2018-04-30,-0.02253789024381,-0.041398240266699,0.0244965558697107,0.0,1,0.1666666666666666,VMS SP Equity|YZJSGD SP Equity|HKL SP Equity|MLT SP Equity|MPACT SP Equity|FCT SP Equity,0.0542478493102331,0.0006756666666666665
2018-05-31,-0.0280946580912777,-0.0180758104254454,-0.0251192975260123,0.0,1,0.1666666666666666,VMS SP Equity|YZJSGD SP Equity|MLT SP Equity|MPACT SP Equity|HKL SP Equity|MINT SP Equity,-0.0513983392041351,0.0006897499999999999
2018-06-30,-0.0491756090628423,-0.0266636842082198,-0.0363685506121816,1.0,1,0.1666666666666666,VMS SP Equity|YZJSGD SP Equity|MLT SP Equity|DBS SP Equity|HKL SP Equity|MPACT SP Equity,-0.046520311068847,0.0007556666666666666
2018-07-31,0.0103581431195544,0.0238467794327978,0.0105304900687018,1.0,1,0.0,VMS SP Equity|YZJSGD SP Equity|MLT SP Equity|HKL SP Equity|MPACT SP Equity|DBS SP Equity,0.015648422920427,0.0008865833333333334
2018-08-31,0.0236690528639098,0.0607861347748199,-0.0101577688636255,1.0,1,0.1666666666666666,VMS SP Equity|YZJSGD SP Equity|HKL SP Equity|MPACT SP Equity|STE SP Equity|DBS SP Equity,-0.0320406042441676,0.0009769166666666665
2018-09-30,0.0234404280556868,-0.0415775411517759,0.0237808032434403,1.0,1,0.1666666666666666,VMS SP Equity|HKL SP Equity|YZJSGD SP Equity|FCT SP Equity|MPACT SP Equity|STE SP Equity,0.0135585097775621,0.0010148333333333333
2018-10-31,-0.0559140363240963,0.0716290241291984,-0.0667125853959563,0.0,1,0.3333333333333333,VMS SP Equity|HKL SP Equity|MPACT SP Equity|FLT SP Equity|SGX SP Equity|STE SP Equity,-0.0731490152131529,0.0010099166666666666
2018-11-30,0.0396836711955544,0.0049083713899689,0.024236875664979,0.0,1,0.3333333333333333,STE SP Equity|YZJSGD SP Equity|SGX SP Equity|MPACT SP Equity|HKL SP Equity|DBS SP Equity,0.0327315489598516,0.0010603333333333333
2018-12-31,-0.0110893599851212,-0.0054718947949232,-0.0106676283837452,0.0,1,0.1666666666666666,STE SP Equity|YZJSGD SP Equity|MPACT SP Equity|SGX SP Equity|FCT SP Equity|HKL SP Equity,-0.0156690541793231,0.0012199166666666667
2019-01-31,0.0886026467955742,0.0005973176808808,0.0675838297997707,0.0,1,0.1666666666666666,STE SP Equity|YZJSGD SP Equity|HKL SP Equity|SGX SP Equity|MPACT SP Equity|FLT SP Equity,0.0395632111993118,0.0012879166666666668
2019-02-28,0.0110279419826577,-0.021226067756097,0.0142532015911821,1.0,1,0.1666666666666666,YZJSGD SP Equity|STE SP Equity|MPACT SP Equity|SGX SP Equity|HKL SP Equity|MINT SP Equity,0.0070591849337182,0.0013286666666666666
2019-03-31,0.0166381398827771,0.0307021180853548,0.0093164318469179,1.0,1,0.1666666666666666,YZJSGD SP Equity|HKL SP Equity|STE SP Equity|MPACT SP Equity|SGX SP Equity|FCT SP Equity,5.914047106947429e-05,0.00128525
2019-04-30,0.0269042366978336,0.0180704460435949,0.0318102642365778,1.0,1,0.1666666666666666,YZJSGD SP Equity|HKL SP Equity|STE SP Equity|SGX SP Equity|MPACT SP Equity|KDCREIT SP Equity,0.058302831104803,0.0013540833333333332
2019-05-31,-0.0279543938278688,0.0537023201597696,-0.0482430808852955,0.0,0,0.3333333333333333,YZJSGD SP Equity|HKL SP Equity|MPACT SP Equity|MLT SP Equity|SGX SP Equity|FLT SP Equity,-0.0830657020175282,0.0014038333333333333
2019-06-30,0.067844380205489,0.040227894578458,0.065503027624554,1.0,0,0.1666666666666666,YZJSGD SP Equity|STE SP Equity|HKL SP Equity|MPACT SP Equity|FLT SP Equity|MLT SP Equity,0.0653834804475006,0.001429166666666667
2019-07-31,-0.0255189379977449,-0.0219776593405807,-0.0055257984793625,1.0,0,0.1666666666666666,YZJSGD SP Equity|HKL SP Equity|MPACT SP Equity|SGX SP Equity|MLT SP Equity|FLT SP Equity,-0.0062800870662118,0.0013919166666666665
2019-08-31,-0.058862157900357,0.0072834470315983,-0.0317621241666886,1.0,0,0.1666666666666666,YZJSGD SP Equity|MPACT SP Equity|SGX SP Equity|MLT SP Equity|HKL SP Equity|STE SP Equity,-0.0588442020752859,0.0013229166666666667
2019-09-30,0.0280228870310741,0.0338699363082707,0.0111486215640312,1.0,0,0.1666666666666666,YZJSGD SP Equity|SGX SP Equity|MPACT SP Equity|STE SP Equity|MLT SP Equity|KDCREIT SP Equity,0.0043360416156985,0.0012731666666666666
2019-10-31,0.0364424384906475,-0.0216659273857945,0.0427315283714559,1.0,0,0.1666666666666666,MPACT SP Equity|YZJSGD SP Equity|SGX SP Equity|MLT SP Equity|STE SP Equity|THBEV SP Equity,0.0352212667348292,0.0012139166666666667
2019-11-30,0.0161808978959063,0.0426200033885752,-0.0056927017512137,1.0,0,0.3333333333333333,MPACT SP Equity|YZJSGD SP Equity|SGX SP Equity|HKL SP Equity|MLT SP Equity|FCT SP Equity,-0.0111335405649745,0.0010918333333333333
2019-12-31,0.0351437238921928,0.0312697399544046,0.0173963572893206,1.0,1,0.1666666666666666,MPACT SP Equity|SGX SP Equity|YZJSGD SP Equity|HKL SP Equity|MLT SP Equity|MINT SP Equity,0.0090515729886784,0.0010530000000000001
2020-01-31,0.0020552552856641,0.0664723251892066,-0.0229513103885269,1.0,1,0.1666666666666666,MPACT SP Equity|SGX SP Equity|YZJSGD SP Equity|MLT SP Equity|FCT SP Equity|MINT SP Equity,-0.0214407834108532,0.0010019166666666666
2020-02-29,-0.0471342459747228,0.01466083432825,-0.0434183657999167,0.0,0,0.1666666666666666,YZJSGD SP Equity|SGX SP Equity|MPACT SP Equity|HKL SP Equity|MINT SP Equity|FCT SP Equity,-0.0452321536720011,0.0009503333333333334
2020-03-31,-0.1020457726972857,0.0680576870846092,-0.1646990839608559,0.0,0,0.1666666666666666,SGX SP Equity|MPACT SP Equity|YZJSGD SP Equity|MINT SP Equity|SCI SP Equity|FCT SP Equity,-0.1759667627562203,0.0007340833333333334
2020-04-30,0.0919861400390931,0.0517949827767652,0.0807331547172242,0.0,0,0.3333333333333333,YZJSGD SP Equity|SGX SP Equity|HKL SP Equity|MINT SP Equity|SCI SP Equity|STE SP Equity,0.057632706359346,0.00044500000000000003
2020-05-31,-0.0355404243285825,0.0585795459862051,-0.020452785500778,0.0,0,0.1666666666666666,SGX SP Equity|YZJSGD SP Equity|SCI SP Equity|HKL SP Equity|MINT SP Equity|KDCREIT SP Equity,-0.0432431608509924,0.0002255833333333333
2020-06-30,0.0654743909920664,0.0976393121637092,0.025453511742459,0.0,0,0.1666666666666666,SGX SP Equity|YZJSGD SP Equity|HKL SP Equity|SCI SP Equity|MINT SP Equity|MLT SP Equity,0.0315284277606291,0.00011758333333333332
2020-07-31,0.0525526809630697,0.1062458885148636,0.0029696969586086,0.0,1,0.1666666666666666,YZJSGD SP Equity|SGX SP Equity|HKL SP Equity|MLT SP Equity|MINT SP Equity|KDCREIT SP Equity,-0.0232015784332273,6.758333333333334e-05
2020-08-31,0.0121161064312087,0.0161160518760566,0.0024450774544385,0.0,1,0.1666666666666666,YZJSGD SP Equity|SGX SP Equity|HKL SP Equity|SCI SP Equity|MINT SP Equity|KDCREIT SP Equity,0.001063316757714,8.208333333333333e-05
2020-09-30,0.0980601451735628,0.2022891967366048,-0.0108469000531991,0.0,1,0.0,YZJSGD SP Equity|HKL SP Equity|SGX SP Equity|SCI SP Equity|MINT SP Equity|KDCREIT SP Equity,-0.0260176662678529,8.233333333333333e-05
2020-10-31,-0.0292914900061741,-0.0103820824380786,-0.0336986861323162,0.0,1,0.1666666666666666,YZJSGD SP Equity|HKL SP Equity|VMS SP Equity|SGX SP Equity|KDCREIT SP Equity|MINT SP Equity,-0.0173435713648635,9.725e-05
2020-11-30,0.0392408568330424,-0.2103881510395917,0.1449875837297319,0.0,1,0.3333333333333333,YZJSGD SP Equity|HKL SP Equity|SCI SP Equity|SGX SP Equity|VMS SP Equity|MLT SP Equity,0.1576465443263579,9.666666666666667e-05
2020-12-31,0.0153041293251213,0.0359091697434708,0.0161314388917532,0.0,1,0.1666666666666666,YZJSGD SP Equity|HKL SP Equity|SCI SP Equity|SGX SP Equity|VMS SP Equity|MINT SP Equity,0.0134927564639426,0.00013841666666666665
2021-01-31,0.0344215748851875,0.029570446785916,0.0154082231621723,0.0,1,0.1666666666666666,YZJSGD SP Equity|HKL SP Equity|SCI SP Equity|FLT SP Equity|SGX SP Equity|MINT SP Equity,0.0206448391418554,0.00014116666666666666
2021-02-28,0.0182561986412059,-0.0534989208573348,0.0096554016709224,0.0,1,0.1666666666666666,YZJSGD SP Equity|HKL SP Equity|SCI SP Equity|FLT SP Equity|SGX SP Equity|VMS SP Equity,0.0160274520072212,0.00016633333333333333
2021-03-31,0.067559046360135,-0.034383002072051,0.0566059045847274,1.0,1,0.0,YZJSGD SP Equity|HKL SP Equity|SCI SP Equity|SGX SP Equity|FLT SP Equity|VMS SP Equity,0.0733459023953557,0.00018466666666666666
2021-04-30,0.0654900044442141,0.0451481724270638,0.023853046300112,1.0,1,0.1666666666666666,YZJSGD SP Equity|HKL SP Equity|SCI SP Equity|SGX SP Equity|FLT SP Equity|MPACT SP Equity,0.0167217423720673,0.00015516666666666665
2021-05-31,0.0108733517006736,0.0394957164687688,-0.0138168094994676,1.0,1,0.1666666666666666,HKL SP Equity|YZJSGD SP Equity|SCI SP Equity|FLT SP Equity|MPACT SP Equity|VMS SP Equity,-0.0167760939883849,0.00013991666666666666
2021-06-30,0.0029357857444771,0.0885602193862476,-0.0219127433161605,1.0,1,0.3333333333333333,HKL SP Equity|YZJSGD SP Equity|SCI SP Equity|MPACT SP Equity|FCT SP Equity|SGX SP Equity,-0.0106880554186102,0.00011049999999999999
2021-07-31,-7.958869422427132e-05,0.0086620651891436,0.0013038953578997,1.0,1,0.1666666666666666,YZJSGD SP Equity|HKL SP Equity|SCI SP Equity|SGX SP Equity|MPACT SP Equity|STE SP Equity,0.0116532394600155,0.00011008333333333333
2021-08-31,-0.0335628746483582,0.0092468605027489,-0.0274971255187827,1.0,1,0.1666666666666666,YZJSGD SP Equity|HKL SP Equity|SCI SP Equity|SGX SP Equity|MPACT SP Equity|FCT SP Equity,-0.0353306346189065,0.00010833333333333333
2021-09-30,-0.005706796433763,0.007022537045153,-0.0079314444006431,0.0,1,0.1666666666666666,HKL SP Equity|YZJSGD SP Equity|SCI SP Equity|SGX SP Equity|MPACT SP Equity|OCBC SP Equity,0.0103598959100503,0.00010883333333333333
2021-10-31,0.0560121384543384,0.0599667696182138,0.0350202434988468,1.0,1,0.1666666666666666,YZJSGD SP Equity|HKL SP Equity|SCI SP Equity|SGX SP Equity|KEP SP Equity|MPACT SP Equity,0.0361130009395147,0.00012958333333333333
2021-11-30,-0.0568120784319438,-0.019485841616162,-0.0421270950452891,0.0,1,0.3333333333333333,YZJSGD SP Equity|HKL SP Equity|SGX SP Equity|KEP SP Equity|DBS SP Equity|OCBC SP Equity,-0.049053052214235,0.00013158333333333335
2021-12-31,0.0185495287477496,0.0282186593699408,0.0105909996795926,1.0,1,0.1666666666666666,HKL SP Equity|YZJSGD SP Equity|MPACT SP Equity|DBS SP Equity|KEP SP Equity|SGX SP Equity,0.0270904780537206,0.00016191666666666668
2022-01-31,-0.0027379878079552,0.0077685652831078,-0.0016002267556819,0.0,1,0.1666666666666666,HKL SP Equity|YZJSGD SP Equity|KEP SP Equity|SGX SP Equity|MPACT SP Equity|FCT SP Equity,0.0403082261947447,0.00017208333333333333
2022-02-28,0.0199534988539321,-0.0065325742708352,0.0211796980268709,0.0,1,0.3333333333333333,HKL SP Equity|YZJSGD SP Equity|SGX SP Equity|DBS SP Equity|FLT SP Equity|KEP SP Equity,-0.0022618237993101,0.00020866666666666668
2022-03-31,0.0514068972298182,-0.0373458019724639,0.0603644599565249,0.0,1,0.3333333333333333,HKL SP Equity|YZJSGD SP Equity|KEP SP Equity|DBS SP Equity|UOB SP Equity|OCBC SP Equity,0.0512855309909199,0.00023000000000000003
2022-04-30,0.042936135655696,0.0371171243977755,0.0107633425794346,0.0,1,0.3333333333333333,HKL SP Equity|YZJSGD SP Equity|KEP SP Equity|SCI SP Equity|DBS SP Equity|SGX SP Equity,-0.0151444028493304,0.00026891666666666665
2022-05-31,0.0002992453371096,-0.0123536644457635,-0.0092180950029926,0.0,1,0.1666666666666666,HKL SP Equity|YZJSGD SP Equity|KEP SP Equity|SCI SP Equity|SGX SP Equity|UOB SP Equity,-0.0370609788793232,0.00043858333333333336
2022-06-30,-0.0002021144879604,0.0546711147252887,-0.0256926020302405,0.0,1,0.1666666666666666,HKL SP Equity|YZJSGD SP Equity|KEP SP Equity|SCI SP Equity|SGX SP Equity|FLT SP Equity,-0.0403032956018424,0.0006433333333333333
2022-07-31,0.029664261855961,0.0228964208312862,0.0294351297332423,0.0,1,0.1666666666666666,HKL SP Equity|KEP SP Equity|YZJSGD SP Equity|SCI SP Equity|SGX SP Equity|FCT SP Equity,0.0352490643766862,0.0010593333333333334
2022-08-31,0.0254242316167304,0.0179609617468101,-4.0748072672613936e-05,0.0,0,0.1666666666666666,HKL SP Equity|YZJSGD SP Equity|KEP SP Equity|SCI SP Equity|STE SP Equity|FCT SP Equity,0.0031480028397414,0.0013305833333333331
2022-09-30,-0.0494953813815344,0.0667050162319659,-0.0581467142650339,0.0,0,0.1666666666666666,HKL SP Equity|YZJSGD SP Equity|KEP SP Equity|FCT SP Equity|FLT SP Equity|SCI SP Equity,-0.028379691278126,0.00172125
2022-10-31,-0.0266365086782036,0.0142295275584064,-0.0232710202483841,0.0,0,0.1666666666666666,HKL SP Equity|KEP SP Equity|SCI SP Equity|YZJSGD SP Equity|SGX SP Equity|FCT SP Equity,-0.0118617102841953,0.002051083333333333
2022-11-30,0.0840572009383154,0.014100611215783,0.0784253536736208,0.0,0,0.0,HKL SP Equity|YZJSGD SP Equity|KEP SP Equity|SCI SP Equity|SGX SP Equity|FCT SP Equity,0.0638127968290813,0.0024369166666666667
2022-12-31,0.0234690802835706,-0.0038038301044598,0.0122037366852759,0.0,0,0.0,HKL SP Equity|YZJSGD SP Equity|KEP SP Equity|SGX SP Equity|FCT SP Equity|SCI SP Equity,-0.0119040021394988,0.0025245
2023-01-31,0.0337058569881846,-0.0322019731328588,0.0489849634548903,1.0,0,0.0,YZJSGD SP Equity|HKL SP Equity|KEP SP Equity|SGX SP Equity|SCI SP Equity|FCT SP Equity,0.0351703308194826,0.0026182500000000004
2023-02-28,0.0040795592514758,0.0444547073863126,-0.0262276460863703,0.0,0,0.0,YZJSGD SP Equity|HKL SP Equity|KEP SP Equity|SGX SP Equity|SCI SP Equity|FCT SP Equity,-0.0306150038476736,0.002683833333333333
2023-03-31,0.0431316327979405,0.0314131599306363,0.0177583679907455,1.0,0,0.0,YZJSGD SP Equity|HKL SP Equity|KEP SP Equity|SGX SP Equity|SCI SP Equity|FCT SP Equity,-0.0011432494643891,0.00298125
2023-04-30,0.024128999800483,0.0266790674453179,0.0071992142793261,1.0,0,0.1666666666666666,HKL SP Equity|YZJSGD SP Equity|KEP SP Equity|JM SP Equity|FCT SP Equity|SGX SP Equity,0.0035625517812758,0.00300475
2023-05-31,0.0172603540525447,0.0511176044767317,-0.019674190630938,1.0,0,0.3333333333333333,HKL SP Equity|YZJSGD SP Equity|SCI SP Equity|JM SP Equity|KEP SP Equity|GENS SP Equity,-0.0341567523108017,0.003020083333333333
2023-06-30,0.0354075363744856,0.0436099220459728,0.0158959806732916,1.0,0,0.1666666666666666,HKL SP Equity|KEP SP Equity|YZJSGD SP Equity|JM SP Equity|GENS SP Equity|SGX SP Equity,0.0149138913511459,0.00304575
2023-07-31,-0.009128692388172,-0.0523655469859579,0.0339171230706355,1.0,0,0.3333333333333333,HKL SP Equity|KEP SP Equity|SCI SP Equity|SGX SP Equity|FLT SP Equity|GENS SP Equity,0.0524250524811988,0.003062333333333333
2023-08-31,-0.0001906862280793,0.0418065023646548,-0.0241486982965998,1.0,0,0.3333333333333333,HKL SP Equity|YZJSGD SP Equity|SCI SP Equity|SGX SP Equity|SIA SP Equity|KEP SP Equity,-0.0416955642890591,0.003080333333333334
2023-09-30,-0.0213763506641745,-0.0105313202612755,-0.0184885125158433,0.0,1,0.0,HKL SP Equity|KEP SP Equity|YZJSGD SP Equity|SCI SP Equity|SGX SP Equity|SIA SP Equity,-0.0049144836544707,0.0030847500000000003
2023-10-31,-0.0791263513811857,0.0144571388821097,-0.0693944327779325,0.0,1,0.0,HKL SP Equity|YZJSGD SP Equity|SIA SP Equity|SGX SP Equity|KEP SP Equity|SCI SP Equity,-0.0465187837422026,0.00312725
2023-11-30,0.0213820861434509,-0.0071940402285322,0.0317556992434928,1.0,1,0.1666666666666666,HKL SP Equity|YZJSGD SP Equity|SIA SP Equity|SGX SP Equity|KEP SP Equity|STE SP Equity,0.0017113575465979,0.0031219999999999998
2023-12-31,0.0477238265532775,-0.0287693610760779,0.0632473285136654,1.0,1,0.1666666666666666,HKL SP Equity|SGX SP Equity|STE SP Equity|SIA SP Equity|OCBC SP Equity|YZJSGD SP Equity,0.0544355822830533,0.0030848333333333335
2024-01-31,-0.0305149856987446,0.050120654208441,-0.0334523683666511,1.0,1,0.5,HKL SP Equity|SGX SP Equity|FCT SP Equity|STE SP Equity|KEP SP Equity|FLT SP Equity,-0.0269298546108811,0.0030456666666666666
2024-02-29,0.016146624635238,0.054316939471751,-0.0156584697418494,1.0,1,0.1666666666666666,HKL SP Equity|SGX SP Equity|STE SP Equity|KEP SP Equity|OCBC SP Equity|FLT SP Equity,-0.0035394749778784,0.0030406666666666668
2024-03-31,0.0171014030838761,0.0439387477964245,0.0056466723272476,1.0,1,0.1666666666666666,HKL SP Equity|SGX SP Equity|YZJSGD SP Equity|FLT SP Equity|KEP SP Equity|OCBC SP Equity,0.026150198131674,0.0030690833333333334
2024-04-30,0.0081944945969873,-0.0088966675345236,0.004630649190613,1.0,1,0.1666666666666666,HKL SP Equity|SGX SP Equity|STE SP Equity|YZJSGD SP Equity|OCBC SP Equity|KEP SP Equity,0.0213026634532771,0.003040916666666666
2024-05-31,0.0846148938036452,0.0916291765322983,0.0140584394103746,1.0,1,0.1666666666666666,HKL SP Equity|YZJSGD SP Equity|SGX SP Equity|STE SP Equity|OCBC SP Equity|FLT SP Equity,0.0133325639522701,0.00304975
2024-06-30,0.0049184058773783,0.0129466495818223,-0.0157387098292296,1.0,1,0.3333333333333333,HKL SP Equity|SIA SP Equity|YZJSGD SP Equity|DBS SP Equity|SGX SP Equity|OCBC SP Equity,-0.0011358902352401,0.003028
2024-07-31,0.0323179426972944,-0.0515264238689368,0.0473535609817375,1.0,1,0.0,HKL SP Equity|YZJSGD SP Equity|DBS SP Equity|SGX SP Equity|OCBC SP Equity|SIA SP Equity,0.0369479116658664,0.00303175
2024-08-31,0.0301291918167774,-0.0156074294638092,0.0308904818765883,1.0,1,0.3333333333333333,HKL SP Equity|YZJSGD SP Equity|DBS SP Equity|OCBC SP Equity|STE SP Equity|JM SP Equity,-0.0037645329490674,0.0029744999999999997
2024-09-30,0.0246042031223108,-0.0611111357406356,0.0503196060635035,1.0,1,0.1666666666666666,HKL SP Equity|YZJSGD SP Equity|DBS SP Equity|STE SP Equity|OCBC SP Equity|SGX SP Equity,0.0413485025835553,0.002911
2024-10-31,0.0328574353053302,0.0447317763819871,-0.0138040338353056,0.0,1,0.1666666666666666,HKL SP Equity|SGX SP Equity|YZJSGD SP Equity|DBS SP Equity|OCBC SP Equity|VMS SP Equity,-0.0073662102647205,0.0028140833333333334
2024-11-30,0.0302026110111094,0.0037059971828672,0.0092825147791491,1.0,1,0.1666666666666666,HKL SP Equity|SGX SP Equity|FLT SP Equity|DBS SP Equity|YZJSGD SP Equity|OCBC SP Equity,0.0506929146248258,0.0026789166666666667
2024-12-31,0.0396054313631655,0.0434106995121744,0.0007348372730499,1.0,1,0.1666666666666666,HKL SP Equity|YZJSGD SP Equity|FLT SP Equity|SGX SP Equity|DBS SP Equity|SIA SP Equity,0.0129195649441471,0.0025288333333333335
2025-01-31,0.0039757671353078,-0.0234969586681662,0.0004675578279883,1.0,1,0.3333333333333333,HKL SP Equity|SGX SP Equity|DBS SP Equity|SIA SP Equity|UOB SP Equity|OCBC SP Equity,0.0180114056394551,0.0024160833333333335
2025-02-28,0.0013716167488764,0.0065334684045535,-0.0003787086526752,0.0,1,0.1666666666666666,HKL SP Equity|SGX SP Equity|YZJSGD SP Equity|DBS SP Equity|SIA SP Equity|OCBC SP Equity,0.0103428064588075,0.00227425
2025-03-31,0.0171236933183958,-0.0315044850051111,0.0403126807310343,0.0,1,0.1666666666666666,HKL SP Equity|YZJSGD SP Equity|DBS SP Equity|SGX SP Equity|JM SP Equity|OCBC SP Equity,0.0196960751597916,0.002125583333333333
2025-04-30,0.0268392843907258,0.0683017566484796,-0.0052060814397194,0.0,0,0.5,HKL SP Equity|SGX SP Equity|DBS SP Equity|SIA SP Equity|ST SP Equity|UOB SP Equity,-0.0352227729626449,0.001965583333333333
2025-05-31,0.0426054276696037,-0.0046583265451286,0.0102737360284239,0.0,0,0.1666666666666666,HKL SP Equity|SGX SP Equity|STE SP Equity|DBS SP Equity|SIA SP Equity|UOB SP Equity,0.0162034802257529,0.001891
2025-06-30,0.0559314972209567,0.0182258631641745,0.0344044967218705,1.0,0,0.5,HKL SP Equity|JM SP Equity|SGX SP Equity|STE SP Equity|ST SP Equity|UOL SP Equity,0.0178913934899771,0.0017110833333333336
2025-07-31,0.0632357222266082,0.0039565855672015,0.0671447787816744,1.0,0,0.1666666666666666,HKL SP Equity|STE SP Equity|SGX SP Equity|ST SP Equity|SIA SP Equity|UOL SP Equity,0.0528417446755915,0.0015375
2025-08-31,0.0253235060361143,-0.0395797159453295,0.0320437219890219,1.0,0,0.3333333333333333,HKL SP Equity|STE SP Equity|SGX SP Equity|UOL SP Equity|MPACT SP Equity|FLT SP Equity,0.0229840168480772,0.0013031666666666667
2025-09-30,0.0426116349169084,0.0006748106700452,0.0201756218219525,1.0,1,0.1666666666666666,HKL SP Equity|STE SP Equity|SGX SP Equity|UOL SP Equity|DFI SP Equity|FLT SP Equity,0.0071339906785019,0.001211
2025-10-31,0.0083344996347732,-0.0189422913820317,0.0247294669645875,1.0,0,0.3333333333333333,HKL SP Equity|SGX SP Equity|JM SP Equity|UOL SP Equity|ST SP Equity|DFI SP Equity,0.0298733070397381,0.0011002499999999999
2025-11-30,0.0550387267251013,0.0666444522301774,0.0098219272259041,1.0,1,0.1666666666666666,HKL SP Equity|JM SP Equity|UOL SP Equity|STE SP Equity|SGX SP Equity|ST SP Equity,0.0215281509815699,0.0010441666666666666
2025-12-31,0.0440424712672208,0.0261768799360802,0.0229554737525596,1.0,1,0.3333333333333333,HKL SP Equity|UOL SP Equity|SGX SP Equity|STE SP Equity|MPACT SP Equity|CIT SP Equity,0.0270227853473505,0.0009880833333333332
2026-01-31,0.1067958435136288,0.1004779829915379,0.0513581744813379,1.0,1,0.3333333333333333,HKL SP Equity|UOL SP Equity|ST SP Equity|FLT SP Equity|MPACT SP Equity|STE SP Equity,0.055727141046143,0.0009584999999999998
